county,zipcode
Middlesex County,07001
Hudson County,07002
Essex County,07003
Essex County,07004
Morris County,07005
Essex County,07006
Essex County,07007
Middlesex County,07008
Essex County,07009
Bergen County,07010
Passaic County,07011
Passaic County,07012
Passaic County,07013
Passaic County,07014
Passaic County,07015
Union County,07016
Essex County,07017
Essex County,07018
Essex County,07019
Bergen County,07020
Essex County,07021
Bergen County,07022
Union County,07023
Bergen County,07024
Bergen County,07026
Union County,07027
Essex County,07028
Hudson County,07029
Hudson County,07030
Bergen County,07031
Hudson County,07032
Union County,07033
Morris County,07034
Morris County,07035
Union County,07036
Essex County,07039
Essex County,07040
Essex County,07041
Essex County,07042
Essex County,07043
Essex County,07044
Morris County,07045
Morris County,07046
Hudson County,07047
Essex County,07050
Essex County,07051
Essex County,07052
Morris County,07054
Passaic County,07055
Bergen County,07057
Morris County,07058
Somerset County,07059
Union County,07060
Union County,07061
Union County,07062
Union County,07063
Middlesex County,07064
Union County,07065
Union County,07066
Middlesex County,07067
Essex County,07068
Somerset County,07069
Bergen County,07070
Bergen County,07071
Bergen County,07072
Bergen County,07073
Bergen County,07074
Bergen County,07075
Union County,07076
Middlesex County,07077
Essex County,07078
Essex County,07079
Middlesex County,07080
Union County,07081
Morris County,07082
Union County,07083
Hudson County,07086
Hudson County,07087
Union County,07088
Union County,07090
Union County,07091
Union County,07092
Hudson County,07093
Hudson County,07094
Middlesex County,07095
Hudson County,07096
Hudson County,07097
Hudson County,07099
Essex County,07101
Essex County,07102
Essex County,07103
Essex County,07104
Essex County,07105
Essex County,07106
Essex County,07107
Essex County,07108
Essex County,07109
Essex County,07110
Essex County,07111
Essex County,07112
Essex County,07114
Essex County,07175
Essex County,07182
Essex County,07184
Essex County,07188
Essex County,07189
Essex County,07191
Essex County,07192
Essex County,07193
Essex County,07194
Essex County,07195
Essex County,07198
Essex County,07199
Union County,07201
Union County,07202
Union County,07203
Union County,07204
Union County,07205
Union County,07206
Union County,07207
Union County,07208
Hudson County,07302
Hudson County,07303
Hudson County,07304
Hudson County,07305
Hudson County,07306
Hudson County,07307
Hudson County,07308
Hudson County,07309
Hudson County,07310
Hudson County,07311
Hudson County,07395
Hudson County,07399
Bergen County,07401
Passaic County,07403
Morris County,07405
Bergen County,07407
Bergen County,07410
Sussex County,07416
Bergen County,07417
Sussex County,07418
Sussex County,07419
Passaic County,07420
Passaic County,07421
Sussex County,07422
Bergen County,07423
Passaic County,07424
Sussex County,07428
Bergen County,07430
Bergen County,07432
Passaic County,07435
Bergen County,07436
Morris County,07438
Sussex County,07439
Morris County,07440
Passaic County,07442
Morris County,07444
Bergen County,07446
Bergen County,07450
Bergen County,07451
Bergen County,07452
Passaic County,07456
Morris County,07457
Bergen County,07458
Sussex County,07460
Sussex County,07461
Sussex County,07462
Bergen County,07463
Passaic County,07465
Passaic County,07470
Passaic County,07474
Passaic County,07477
Passaic County,07480
Bergen County,07481
Bergen County,07495
Passaic County,07501
Passaic County,07502
Passaic County,07503
Passaic County,07504
Passaic County,07505
Passaic County,07506
Passaic County,07507
Passaic County,07508
Passaic County,07509
Passaic County,07510
Passaic County,07511
Passaic County,07512
Passaic County,07513
Passaic County,07514
Passaic County,07522
Passaic County,07524
Passaic County,07533
Passaic County,07538
Passaic County,07543
Passaic County,07544
Bergen County,07601
Bergen County,07602
Bergen County,07603
Bergen County,07604
Bergen County,07605
Bergen County,07606
Bergen County,07607
Bergen County,07608
Bergen County,07620
Bergen County,07621
Bergen County,07624
Bergen County,07626
Bergen County,07627
Bergen County,07628
Bergen County,07630
Bergen County,07631
Bergen County,07632
Bergen County,07640
Bergen County,07641
Bergen County,07642
Bergen County,07643
Bergen County,07644
Bergen County,07645
Bergen County,07646
Bergen County,07647
Bergen County,07648
Bergen County,07649
Bergen County,07650
Bergen County,07652
Bergen County,07653
Bergen County,07656
Bergen County,07657
Bergen County,07660
Bergen County,07661
Bergen County,07662
Bergen County,07663
Bergen County,07666
Bergen County,07670
Bergen County,07675
Bergen County,07676
Bergen County,07677
Bergen County,07699
Monmouth County,07701
Monmouth County,07702
Monmouth County,07703
Monmouth County,07704
Monmouth County,07709
Monmouth County,07710
Monmouth County,07711
Monmouth County,07712
Monmouth County,07715
Monmouth County,07716
Monmouth County,07717
Monmouth County,07718
Monmouth County,07719
Monmouth County,07720
Monmouth County,07721
Monmouth County,07722
Monmouth County,07723
Monmouth County,07724
Monmouth County,07726
Monmouth County,07727
Monmouth County,07728
Monmouth County,07730
Monmouth County,07731
Monmouth County,07732
Monmouth County,07733
Monmouth County,07734
Monmouth County,07735
Monmouth County,07737
Monmouth County,07738
Monmouth County,07739
Monmouth County,07740
Monmouth County,07746
Monmouth County,07747
Monmouth County,07748
Monmouth County,07750
Monmouth County,07751
Monmouth County,07752
Monmouth County,07753
Monmouth County,07754
Monmouth County,07755
Monmouth County,07756
Monmouth County,07757
Monmouth County,07758
Monmouth County,07760
Monmouth County,07762
Monmouth County,07763
Monmouth County,07764
Monmouth County,07765
Monmouth County,07799
Morris County,07801
Morris County,07802
Morris County,07803
Morris County,07806
Warren County,07820
Sussex County,07821
Sussex County,07822
Warren County,07823
Warren County,07825
Sussex County,07826
Sussex County,07827
Morris County,07828
Warren County,07829
Hunterdon County,07830
Hunterdon County,07831
Warren County,07832
Warren County,07833
Morris County,07834
Morris County,07836
Sussex County,07837
Warren County,07838
Sussex County,07839
Warren County,07840
Morris County,07842
Sussex County,07843
Warren County,07844
Morris County,07845
Warren County,07846
Morris County,07847
Sussex County,07848
Morris County,07849
Morris County,07850
Sussex County,07851
Morris County,07852
Morris County,07853
Sussex County,07855
Morris County,07856
Morris County,07857
Sussex County,07860
Warren County,07863
Warren County,07865
Morris County,07866
Morris County,07869
Morris County,07870
Sussex County,07871
Sussex County,07874
Sussex County,07875
Morris County,07876
Sussex County,07877
Morris County,07878
Sussex County,07879
Warren County,07880
Sussex County,07881
Warren County,07882
Morris County,07885
Sussex County,07890
Union County,07901
Union County,07902
Somerset County,07920
Somerset County,07921
Union County,07922
Somerset County,07924
Morris County,07926
Morris County,07927
Morris County,07928
Morris County,07930
Somerset County,07931
Morris County,07932
Morris County,07933
Somerset County,07934
Morris County,07935
Morris County,07936
Somerset County,07938
Somerset County,07939
Morris County,07940
Morris County,07945
Morris County,07946
Morris County,07950
Morris County,07960
Morris County,07961
Morris County,07962
Morris County,07963
Morris County,07970
Union County,07974
Morris County,07976
Somerset County,07977
Somerset County,07978
Hunterdon County,07979
Morris County,07980
Morris County,07981
Morris County,07983
Morris County,07999
Salem County,08001
Camden County,08002
Camden County,08003
Camden County,08004
Ocean County,08005
Ocean County,08006
Camden County,08007
Ocean County,08008
Camden County,08009
Burlington County,08010
Burlington County,08011
Camden County,08012
Gloucester County,08014
Burlington County,08015
Burlington County,08016
Camden County,08018
Burlington County,08019
Gloucester County,08020
Camden County,08021
Burlington County,08022
Salem County,08023
Gloucester County,08025
Camden County,08026
Gloucester County,08027
Gloucester County,08028
Camden County,08029
Camden County,08030
Camden County,08031
Gloucester County,08032
Camden County,08033
Camden County,08034
Camden County,08035
Burlington County,08036
Atlantic County,08037
Salem County,08038
Gloucester County,08039
Burlington County,08041
Burlington County,08042
Camden County,08043
Camden County,08045
Burlington County,08046
Burlington County,08048
Camden County,08049
Ocean County,08050
Gloucester County,08051
Burlington County,08052
Burlington County,08053
Burlington County,08054
Burlington County,08055
Gloucester County,08056
Burlington County,08057
Camden County,08059
Burlington County,08060
Gloucester County,08061
Gloucester County,08062
Gloucester County,08063
Burlington County,08064
Burlington County,08065
Gloucester County,08066
Salem County,08067
Burlington County,08068
Salem County,08069
Salem County,08070
Gloucester County,08071
Salem County,08072
Burlington County,08073
Gloucester County,08074
Burlington County,08075
Burlington County,08076
Burlington County,08077
Camden County,08078
Salem County,08079
Gloucester County,08080
Camden County,08081
Camden County,08083
Camden County,08084
Gloucester County,08085
Gloucester County,08086
Ocean County,08087
Burlington County,08088
Camden County,08089
Gloucester County,08090
Camden County,08091
Ocean County,08092
Gloucester County,08093
Gloucester County,08094
Camden County,08095
Gloucester County,08096
Gloucester County,08097
Salem County,08098
Camden County,08099
Camden County,08101
Camden County,08102
Camden County,08103
Camden County,08104
Camden County,08105
Camden County,08106
Camden County,08107
Camden County,08108
Camden County,08109
Camden County,08110
Atlantic County,08201
Cape May County,08202
Atlantic County,08203
Cape May County,08204
Atlantic County,08205
Cape May County,08210
Cape May County,08212
Atlantic County,08213
Cape May County,08214
Atlantic County,08215
Atlantic County,08217
Cape May County,08218
Cape May County,08219
Atlantic County,08220
Atlantic County,08221
Cape May County,08223
Burlington County,08224
Atlantic County,08225
Cape May County,08226
Cape May County,08230
Atlantic County,08231
Atlantic County,08232
Atlantic County,08234
Atlantic County,08240
Atlantic County,08241
Cape May County,08242
Cape May County,08243
Atlantic County,08244
Cape May County,08245
Cape May County,08246
Cape May County,08247
Cape May County,08248
Cape May County,08250
Cape May County,08251
Cape May County,08252
Cape May County,08260
Cape May County,08270
Cumberland County,08302
Atlantic County,08310
Cumberland County,08311
Gloucester County,08312
Cumberland County,08313
Cumberland County,08314
Cumberland County,08315
Cumberland County,08316
Atlantic County,08317
Salem County,08318
Atlantic County,08319
Cumberland County,08320
Cumberland County,08321
Gloucester County,08322
Cumberland County,08323
Cumberland County,08324
Atlantic County,08326
Cumberland County,08327
Gloucester County,08328
Cumberland County,08329
Atlantic County,08330
Cumberland County,08332
Atlantic County,08340
Atlantic County,08341
Atlantic County,08342
Gloucester County,08343
Gloucester County,08344
Cumberland County,08345
Atlantic County,08346
Salem County,08347
Cumberland County,08348
Cumberland County,08349
Atlantic County,08350
Cumberland County,08352
Cumberland County,08353
Cumberland County,08360
Cumberland County,08361
Cumberland County,08362
Atlantic County,08401
Atlantic County,08402
Atlantic County,08403
Atlantic County,08404
Atlantic County,08405
Atlantic County,08406
Monmouth County,08501
Somerset County,08502
Somerset County,08504
Burlington County,08505
Monmouth County,08510
Burlington County,08511
Mercer County,08512
Monmouth County,08514
Burlington County,08515
Burlington County,08518
Mercer County,08520
Mercer County,08525
Monmouth County,08526
Ocean County,08527
Somerset County,08528
Hunterdon County,08530
Ocean County,08533
Mercer County,08534
Monmouth County,08535
Middlesex County,08536
Mercer County,08540
Mercer County,08541
Mercer County,08542
Mercer County,08543
Mercer County,08544
Mercer County,08550
Hunterdon County,08551
Somerset County,08553
Burlington County,08554
Monmouth County,08555
Hunterdon County,08556
Hunterdon County,08557
Somerset County,08558
Hunterdon County,08559
Mercer County,08560
Mercer County,08561
Burlington County,08562
Mercer County,08601
Mercer County,08602
Mercer County,08603
Mercer County,08604
Mercer County,08605
Mercer County,08606
Mercer County,08607
Mercer County,08608
Mercer County,08609
Mercer County,08610
Mercer County,08611
Mercer County,08618
Mercer County,08619
Mercer County,08620
Mercer County,08625
Mercer County,08628
Mercer County,08629
Mercer County,08638
Burlington County,08640
Burlington County,08641
,08644
Mercer County,08645
Mercer County,08646
Mercer County,08647
Mercer County,08648
Mercer County,08650
Mercer County,08666
Mercer County,08690
Mercer County,08691
Mercer County,08695
Ocean County,08701
Monmouth County,08720
Ocean County,08721
Ocean County,08722
Ocean County,08723
Ocean County,08724
Monmouth County,08730
Ocean County,08731
Ocean County,08732
Ocean County,08733
Ocean County,08734
Ocean County,08735
Monmouth County,08736
Ocean County,08738
Ocean County,08739
Ocean County,08740
Ocean County,08741
Ocean County,08742
Monmouth County,08750
Ocean County,08751
Ocean County,08752
Ocean County,08753
Ocean County,08754
Ocean County,08755
Ocean County,08756
Ocean County,08757
Ocean County,08758
Ocean County,08759
Hunterdon County,08801
Hunterdon County,08802
Hunterdon County,08803
Hunterdon County,08804
Somerset County,08805
Somerset County,08807
Warren County,08808
Hunterdon County,08809
Middlesex County,08810
Middlesex County,08812
Middlesex County,08816
Middlesex County,08817
Middlesex County,08818
Middlesex County,08820
Somerset County,08821
Hunterdon County,08822
Somerset County,08823
Middlesex County,08824
Hunterdon County,08825
Hunterdon County,08826
Hunterdon County,08827
Middlesex County,08828
Hunterdon County,08829
Middlesex County,08830
Middlesex County,08831
Middlesex County,08832
Hunterdon County,08833
Hunterdon County,08834
Somerset County,08835
Somerset County,08836
Middlesex County,08837
Middlesex County,08840
Somerset County,08844
Middlesex County,08846
Hunterdon County,08848
Middlesex County,08850
Middlesex County,08852
Somerset County,08853
Middlesex County,08854
Middlesex County,08855
Middlesex County,08857
Hunterdon County,08858
Middlesex County,08859
Middlesex County,08861
Middlesex County,08862
Middlesex County,08863
Warren County,08865
Hunterdon County,08867
Hunterdon County,08868
Somerset County,08869
Hunterdon County,08870
Middlesex County,08871
Middlesex County,08872
Somerset County,08873
Somerset County,08875
Somerset County,08876
Middlesex County,08879
Somerset County,08880
Middlesex County,08882
Middlesex County,08884
Hunterdon County,08885
Warren County,08886
Hunterdon County,08887
Hunterdon County,08888
Hunterdon County,08889
Somerset County,08890
Middlesex County,08899
Middlesex County,08901
Middlesex County,08902
Middlesex County,08903
Middlesex County,08904
Middlesex County,08905
Middlesex County,08906
Middlesex County,08922
Middlesex County,08933
Middlesex County,08988
Middlesex County,08989
